transaction_id,date,raw_description,normalised_description,category,amount_band,region,clean_text
T00180,2024-10-21,KFC MUMBAI IN,kfc mumbai in,Dining,5000+,EU,kfc mumbai in
T00302,2024-10-14,Mobile Recharge *REF 9176,mobile recharge ref 9176,Bills,5000+,SG,mobile recharge *ref 9176
T00369,2024-03-30,Annual Fee - POS TXN,annual fee pos txn,Others,5000+,US,annual fee - pos txn
T00925,2024-06-21,Best Buy MUMBAI IN,best buy mumbai in,Shopping,200-500,US,best buy mumbai in
T00069,2024-06-17,Shell Petrol - UPI,shell petrol upi,Fuel,200-500,SG,shell petrol - upi
T00754,2024-10-08,Domino's Pizza - UPI,domino's pizza upi,Dining,5000+,IN,domino's pizza - upi
T00936,2024-10-02,Rapido,rapido,Travel,500-2000,US,rapido
T00310,2024-07-28,Walmart /NETBANKING,walmart netbanking,Groceries,2000-5000,SG,walmart /netbanking
T00702,2024-02-19,Vistara /NETBANKING,vistara netbanking,Travel,2000-5000,IN,vistara /netbanking
T00844,2024-10-22,Water Utility #0421,water utility 0421,Bills,500-2000,US,water utility #0421
T00813,2024-06-26,More Supermarket NEW DELHI,more supermarket new delhi,Groceries,5000+,EU,more supermarket new delhi
T00354,2024-03-03,Toll Plaza /NETBANKING,toll plaza netbanking,Others,500-2000,EU,toll plaza /netbanking
T00600,2024-07-28,Airtel Postpaid INTL,airtel postpaid intl,Bills,200-500,US,airtel postpaid intl
T00806,2024-07-24,Service Charge BANGALORE IN,service charge bangalore in,Others,0-200,SG,service charge bangalore in
T00796,2024-09-23,Mobile Recharge /NETBANKING,mobile recharge netbanking,Bills,0-200,IN,mobile recharge /netbanking
T00785,2024-07-29,Rapido BLR IN,rapido blr in,Travel,200-500,US,rapido blr in
T00240,2024-09-25,KFC MUMBAI IN,kfc mumbai in,Dining,5000+,SG,kfc mumbai in
T00374,2024-08-26,Late Fee - ONLINE,late fee online,Others,0-200,IN,late fee - online
T00499,2024-08-20,Burger King NEW DELHI,burger king new delhi,Dining,500-2000,EU,burger king new delhi
T00442,2024-02-22,Spotify *REF 8061,spotify ref 8061,Entertainment,2000-5000,SG,spotify *ref 8061
T00826,2024-12-12,Bank Fee #0421,bank fee 0421,Others,0-200,IN,bank fee #0421
T00143,2024-12-24,Walmart #0421,walmart 0421,Groceries,2000-5000,EU,walmart #0421
T00500,2024-08-22,Vistara BANGALORE IN,vistara bangalore in,Travel,0-200,IN,vistara bangalore in
T00391,2024-01-17,Vistara *REF 5516,vistara ref 5516,Travel,200-500,IN,vistara *ref 5516
T00902,2024-09-27,Croma /NETBANKING,croma netbanking,Shopping,0-200,EU,croma /netbanking
T00727,2024-03-23,Best Buy NEW DELHI,best buy new delhi,Shopping,500-2000,US,best buy new delhi
T00845,2024-08-16,SonyLiv INTL,sonyliv intl,Entertainment,500-2000,SG,sonyliv intl
T00162,2024-03-17,Nature's Basket BANGALORE IN,nature's basket bangalore in,Groceries,5000+,SG,nature's basket bangalore in
T00347,2024-12-19,Vistara MUMBAI IN,vistara mumbai in,Travel,200-500,SG,vistara mumbai in
T00327,2024-04-07,Ajio *REF 6364,ajio ref 6364,Shopping,5000+,EU,ajio *ref 6364
T00424,2024-10-16,Flipkart INTL,flipkart intl,Shopping,2000-5000,SG,flipkart intl
T00126,2024-10-28,PVR Cinemas - ONLINE,pvr cinemas online,Entertainment,2000-5000,EU,pvr cinemas - online
T00776,2024-09-13,Parking BLR IN,parking blr in,Others,5000+,IN,parking blr in
T00866,2024-04-22,HP Petrol Pump /NETBANKING,hp petrol pump netbanking,Fuel,2000-5000,SG,hp petrol pump /netbanking
T00948,2024-04-25,Walmart,walmart,Groceries,5000+,EU,walmart
T00268,2024-07-09,Essar Fuel *REF 5096,essar fuel ref 5096,Fuel,0-200,SG,essar fuel *ref 5096
T00591,2024-08-16,Bank Fee - UPI,bank fee upi,Others,0-200,EU,bank fee - upi
T00788,2024-09-24,Lifestyle *REF 2778,lifestyle ref 2778,Shopping,0-200,US,lifestyle *ref 2778
T00819,2024-12-12,Subway #0421,subway 0421,Dining,2000-5000,US,subway #0421
T00364,2024-07-22,Jio Fiber MUMBAI IN,jio fiber mumbai in,Bills,200-500,IN,jio fiber mumbai in
T00421,2024-01-09,Gas Company /NETBANKING,gas company netbanking,Bills,500-2000,EU,gas company /netbanking
T00779,2024-12-11,BP Fuel Station INTL,bp fuel station intl,Fuel,0-200,SG,bp fuel station intl
T00078,2024-07-26,Lifestyle - UPI,lifestyle upi,Shopping,200-500,EU,lifestyle - upi
T00977,2024-03-01,More Supermarket BLR IN,more supermarket blr in,Groceries,500-2000,US,more supermarket blr in
T00196,2024-10-27,Apple Music BLR IN,apple music blr in,Entertainment,500-2000,SG,apple music blr in
T00795,2024-04-06,Target Groceries NEW DELHI,target groceries new delhi,Groceries,2000-5000,EU,target groceries new delhi
T00565,2024-01-22,IndiGo Airlines #0421,indigo airlines 0421,Travel,500-2000,IN,indigo airlines #0421
T00495,2024-03-10,Reliance Fresh BANGALORE IN,reliance fresh bangalore in,Groceries,500-2000,IN,reliance fresh bangalore in
T00475,2024-02-28,Hotstar INTL,hotstar intl,Entertainment,200-500,SG,hotstar intl
T00104,2024-04-24,Mobile Recharge NEW DELHI,mobile recharge new delhi,Bills,0-200,EU,mobile recharge new delhi
T00817,2024-05-04,More Supermarket BLR IN,more supermarket blr in,Groceries,2000-5000,SG,more supermarket blr in
T00768,2024-09-20,Toll Plaza,toll plaza,Others,200-500,US,toll plaza
T00516,2024-03-04,MakeMyTrip #0421,makemytrip 0421,Travel,0-200,US,makemytrip #0421
T00098,2024-07-18,IndianOil MUMBAI IN,indianoil mumbai in,Fuel,2000-5000,IN,indianoil mumbai in
T00530,2024-11-09,Shell Petrol MUMBAI IN,shell petrol mumbai in,Fuel,0-200,SG,shell petrol mumbai in
T01000,2024-01-19,IndianOil INTL,indianoil intl,Fuel,2000-5000,SG,indianoil intl
T00165,2024-07-16,Amazon INTL,amazon intl,Shopping,2000-5000,SG,amazon intl
T00073,2024-07-16,Parking BANGALORE IN,parking bangalore in,Others,5000+,IN,parking bangalore in
T00227,2024-01-27,Annual Fee BANGALORE IN,annual fee bangalore in,Others,5000+,IN,annual fee bangalore in
T00757,2024-04-09,PVR Cinemas #0421,pvr cinemas 0421,Entertainment,500-2000,IN,pvr cinemas #0421
T00489,2024-08-05,Toll Plaza,toll plaza,Others,2000-5000,US,toll plaza
T00876,2024-01-07,IndiGo Airlines - ONLINE,indigo airlines online,Travel,500-2000,SG,indigo airlines - online
T00019,2024-01-25,HP Petrol Pump NEW DELHI,hp petrol pump new delhi,Fuel,2000-5000,IN,hp petrol pump new delhi
T00982,2024-01-26,Target Groceries - UPI,target groceries upi,Groceries,5000+,US,target groceries - upi
T00277,2024-02-02,Jio Fiber MUMBAI IN,jio fiber mumbai in,Bills,5000+,SG,jio fiber mumbai in
T00119,2024-02-13,Target Groceries,target groceries,Groceries,5000+,US,target groceries
T00736,2024-09-21,Best Buy NEW DELHI,best buy new delhi,Shopping,500-2000,IN,best buy new delhi
T00355,2024-01-22,Lifestyle INTL,lifestyle intl,Shopping,200-500,EU,lifestyle intl
T00873,2024-09-12,MakeMyTrip INTL,makemytrip intl,Travel,2000-5000,EU,makemytrip intl
T00655,2024-03-14,PVR Cinemas INTL,pvr cinemas intl,Entertainment,2000-5000,SG,pvr cinemas intl
T00221,2024-02-28,MakeMyTrip #0421,makemytrip 0421,Travel,500-2000,EU,makemytrip #0421
T00338,2024-09-22,Jio Fiber /NETBANKING,jio fiber netbanking,Bills,500-2000,SG,jio fiber /netbanking
T00018,2024-07-04,More Supermarket BANGALORE IN,more supermarket bangalore in,Groceries,2000-5000,SG,more supermarket bangalore in
T00041,2024-01-26,Shell Petrol BLR IN,shell petrol blr in,Fuel,5000+,IN,shell petrol blr in
T00071,2024-05-13,Zara INTL,zara intl,Shopping,0-200,IN,zara intl
T00323,2024-07-23,Hotstar /NETBANKING,hotstar netbanking,Entertainment,500-2000,EU,hotstar /netbanking
T00953,2024-04-04,BookMyShow INTL,bookmyshow intl,Entertainment,0-200,IN,bookmyshow intl
T00673,2024-11-14,Electricity Board MUMBAI IN,electricity board mumbai in,Bills,0-200,EU,electricity board mumbai in
T00512,2024-02-22,KFC MUMBAI IN,kfc mumbai in,Dining,0-200,IN,kfc mumbai in
T00709,2024-03-06,H&M NEW DELHI,h&m new delhi,Shopping,200-500,US,h&m new delhi
T00887,2024-08-12,MakeMyTrip INTL,makemytrip intl,Travel,5000+,EU,makemytrip intl
T00731,2024-02-17,Domino's Pizza MUMBAI IN,domino's pizza mumbai in,Dining,5000+,SG,domino's pizza mumbai in
T00827,2024-07-09,Uber NEW DELHI,uber new delhi,Travel,0-200,SG,uber new delhi
T00129,2024-11-22,Airtel Postpaid NEW DELHI,airtel postpaid new delhi,Bills,500-2000,US,airtel postpaid new delhi
T00252,2024-01-21,Ola Cabs INTL,ola cabs intl,Travel,0-200,US,ola cabs intl
T00750,2024-10-10,SonyLiv - UPI,sonyliv upi,Entertainment,500-2000,IN,sonyliv - upi
T00259,2024-07-04,Burger King NEW DELHI,burger king new delhi,Dining,500-2000,IN,burger king new delhi
T00418,2024-04-21,Shell Petrol /NETBANKING,shell petrol netbanking,Fuel,200-500,IN,shell petrol /netbanking
T00220,2024-03-20,Reliance Fresh #0421,reliance fresh 0421,Groceries,5000+,US,reliance fresh #0421
T00214,2024-07-30,KFC MUMBAI IN,kfc mumbai in,Dining,2000-5000,US,kfc mumbai in
T00737,2024-01-23,Toll Plaza NEW DELHI,toll plaza new delhi,Others,2000-5000,SG,toll plaza new delhi
T00667,2024-01-12,HP Petrol Pump /NETBANKING,hp petrol pump netbanking,Fuel,200-500,US,hp petrol pump /netbanking
T00730,2024-04-04,Service Charge /NETBANKING,service charge netbanking,Others,500-2000,US,service charge /netbanking
T00533,2024-01-16,Bank Fee /NETBANKING,bank fee netbanking,Others,500-2000,IN,bank fee /netbanking
T00855,2024-04-27,Target Groceries *REF 2381,target groceries ref 2381,Groceries,2000-5000,EU,target groceries *ref 2381
T00332,2024-07-06,Myntra - POS TXN,myntra pos txn,Shopping,500-2000,SG,myntra - pos txn
T00109,2024-10-30,Lifestyle /NETBANKING,lifestyle netbanking,Shopping,200-500,IN,lifestyle /netbanking
T00164,2024-04-29,Annual Fee - ONLINE,annual fee online,Others,200-500,SG,annual fee - online
T00984,2024-06-18,Mobile Recharge BANGALORE IN,mobile recharge bangalore in,Bills,5000+,EU,mobile recharge bangalore in
T00812,2024-10-08,Essar Fuel,essar fuel,Fuel,0-200,IN,essar fuel
T00587,2024-03-31,More Supermarket /NETBANKING,more supermarket netbanking,Groceries,500-2000,US,more supermarket /netbanking
T00080,2024-09-18,Parking BLR IN,parking blr in,Others,2000-5000,US,parking blr in
T00082,2024-04-11,Service Charge - ONLINE,service charge online,Others,500-2000,US,service charge - online
T00941,2024-01-10,More Supermarket - UPI,more supermarket upi,Groceries,500-2000,IN,more supermarket - upi
T00528,2024-10-27,HP Petrol Pump NEW DELHI,hp petrol pump new delhi,Fuel,500-2000,SG,hp petrol pump new delhi
T00276,2024-03-03,Flipkart - POS TXN,flipkart pos txn,Shopping,200-500,EU,flipkart - pos txn
T00063,2024-07-02,Netflix - POS TXN,netflix pos txn,Entertainment,500-2000,IN,netflix - pos txn
T00644,2024-12-01,Croma - UPI,croma upi,Shopping,200-500,IN,croma - upi
T00429,2024-05-18,Jio Fiber - ONLINE,jio fiber online,Bills,5000+,SG,jio fiber - online
T00938,2024-10-25,IndiGo Airlines /NETBANKING,indigo airlines netbanking,Travel,0-200,SG,indigo airlines /netbanking
T00906,2024-12-11,Flipkart - UPI,flipkart upi,Shopping,5000+,EU,flipkart - upi
T00470,2024-10-09,Domino's Pizza /NETBANKING,domino's pizza netbanking,Dining,200-500,US,domino's pizza /netbanking
T00112,2024-08-09,Service Charge MUMBAI IN,service charge mumbai in,Others,2000-5000,IN,service charge mumbai in
T00287,2024-10-05,Shell Petrol INTL,shell petrol intl,Fuel,500-2000,SG,shell petrol intl
T00610,2024-10-28,McDonald's - UPI,mcdonald's upi,Dining,500-2000,SG,mcdonald's - upi
T00839,2024-11-18,Jio Fiber MUMBAI IN,jio fiber mumbai in,Bills,2000-5000,US,jio fiber mumbai in
T00121,2024-05-30,Rapido BLR IN,rapido blr in,Travel,0-200,IN,rapido blr in
T00066,2024-12-08,Jio Fiber /NETBANKING,jio fiber netbanking,Bills,500-2000,SG,jio fiber /netbanking
T00911,2024-01-01,Reliance Fresh BLR IN,reliance fresh blr in,Groceries,2000-5000,SG,reliance fresh blr in
T00404,2024-05-17,Service Charge NEW DELHI,service charge new delhi,Others,200-500,IN,service charge new delhi
T00010,2024-07-13,IndianOil #0421,indianoil 0421,Fuel,200-500,IN,indianoil #0421
T00648,2024-08-29,Nature's Basket *REF 3967,nature's basket ref 3967,Groceries,500-2000,IN,nature's basket *ref 3967
T00133,2024-03-01,Jio Fiber *REF 5978,jio fiber ref 5978,Bills,0-200,US,jio fiber *ref 5978
T00570,2024-04-12,Subway MUMBAI IN,subway mumbai in,Dining,200-500,SG,subway mumbai in
T00503,2024-06-24,Toll Plaza BANGALORE IN,toll plaza bangalore in,Others,200-500,SG,toll plaza bangalore in
T00636,2024-12-15,IndianOil - UPI,indianoil upi,Fuel,2000-5000,IN,indianoil - upi
T00532,2024-03-26,Netflix *REF 9133,netflix ref 9133,Entertainment,500-2000,EU,netflix *ref 9133
T00108,2024-10-21,Big Bazaar BANGALORE IN,big bazaar bangalore in,Groceries,0-200,EU,big bazaar bangalore in
T00745,2024-11-24,Water Utility - UPI,water utility upi,Bills,0-200,IN,water utility - upi
T00443,2024-11-01,Airtel Postpaid INTL,airtel postpaid intl,Bills,5000+,IN,airtel postpaid intl
T00517,2024-05-06,Croma MUMBAI IN,croma mumbai in,Shopping,500-2000,US,croma mumbai in
T00258,2024-03-06,Subway NEW DELHI,subway new delhi,Dining,2000-5000,EU,subway new delhi
T00431,2024-12-30,Service Charge - ONLINE,service charge online,Others,5000+,US,service charge - online
T00312,2024-03-07,Bank Fee NEW DELHI,bank fee new delhi,Others,5000+,US,bank fee new delhi
T00262,2024-11-01,Mobile Recharge INTL,mobile recharge intl,Bills,5000+,US,mobile recharge intl
T00483,2024-07-02,Annual Fee BLR IN,annual fee blr in,Others,5000+,IN,annual fee blr in
T00739,2024-12-09,Netflix - UPI,netflix upi,Entertainment,0-200,US,netflix - upi
T00572,2024-10-16,Parking NEW DELHI,parking new delhi,Others,2000-5000,EU,parking new delhi
T00090,2024-11-16,Nature's Basket - ONLINE,nature's basket online,Groceries,500-2000,SG,nature's basket - online
T00783,2024-11-02,Netflix *REF 5231,netflix ref 5231,Entertainment,200-500,SG,netflix *ref 5231
T00541,2024-04-24,Service Charge NEW DELHI,service charge new delhi,Others,0-200,US,service charge new delhi
T00295,2024-11-10,Vistara BLR IN,vistara blr in,Travel,0-200,EU,vistara blr in
T00914,2024-02-18,Target Groceries NEW DELHI,target groceries new delhi,Groceries,5000+,US,target groceries new delhi
T00997,2024-06-06,Nayara Energy - POS TXN,nayara energy pos txn,Fuel,500-2000,IN,nayara energy - pos txn
T00192,2024-01-13,Service Charge - UPI,service charge upi,Others,200-500,SG,service charge - upi
T00763,2024-11-16,Subway *REF 9824,subway ref 9824,Dining,200-500,EU,subway *ref 9824
T00782,2024-10-20,BookMyShow - UPI,bookmyshow upi,Entertainment,5000+,IN,bookmyshow - upi
T00007,2024-01-23,Flipkart INTL,flipkart intl,Shopping,500-2000,EU,flipkart intl
T00329,2024-05-03,Uber #0421,uber 0421,Travel,2000-5000,SG,uber #0421
T00598,2024-10-31,Spotify NEW DELHI,spotify new delhi,Entertainment,0-200,EU,spotify new delhi
T00399,2024-03-17,Zara INTL,zara intl,Shopping,2000-5000,SG,zara intl
T00482,2024-04-05,BookMyShow BLR IN,bookmyshow blr in,Entertainment,500-2000,US,bookmyshow blr in
T00028,2024-02-13,Shell Petrol - ONLINE,shell petrol online,Fuel,5000+,IN,shell petrol - online
T00958,2024-12-30,Pizza Hut *REF 9230,pizza hut ref 9230,Dining,5000+,SG,pizza hut *ref 9230
T00571,2024-12-31,Nayara Energy NEW DELHI,nayara energy new delhi,Fuel,0-200,SG,nayara energy new delhi
T00013,2024-11-23,PVR Cinemas *REF 8573,pvr cinemas ref 8573,Entertainment,2000-5000,EU,pvr cinemas *ref 8573
T00652,2024-11-20,Walmart #0421,walmart 0421,Groceries,2000-5000,IN,walmart #0421
T00447,2024-05-21,IndiGo Airlines #0421,indigo airlines 0421,Travel,200-500,SG,indigo airlines #0421
T00120,2024-12-19,Nayara Energy MUMBAI IN,nayara energy mumbai in,Fuel,2000-5000,US,nayara energy mumbai in
T00586,2024-07-12,Bank Fee - UPI,bank fee upi,Others,5000+,US,bank fee - upi
T00291,2024-09-22,Prime Video /NETBANKING,prime video netbanking,Entertainment,2000-5000,EU,prime video /netbanking
T00642,2024-05-13,Maintenance Charge - UPI,maintenance charge upi,Others,500-2000,EU,maintenance charge - upi
T00638,2024-07-11,Target Groceries - POS TXN,target groceries pos txn,Groceries,500-2000,SG,target groceries - pos txn
T00808,2024-04-09,Rapido,rapido,Travel,200-500,EU,rapido
T00219,2024-05-27,Burger King INTL,burger king intl,Dining,2000-5000,IN,burger king intl
T00625,2024-08-01,More Supermarket BLR IN,more supermarket blr in,Groceries,500-2000,EU,more supermarket blr in
T00842,2024-06-20,Walmart - UPI,walmart upi,Groceries,0-200,SG,walmart - upi
T00153,2024-11-14,RedBus,redbus,Travel,200-500,EU,redbus
T00058,2024-05-08,Nayara Energy - UPI,nayara energy upi,Fuel,500-2000,SG,nayara energy - upi
T00521,2024-11-22,RedBus #0421,redbus 0421,Travel,200-500,SG,redbus #0421
T00613,2024-03-02,Gas Company BANGALORE IN,gas company bangalore in,Bills,5000+,US,gas company bangalore in
T00965,2024-01-21,Uber - ONLINE,uber online,Travel,5000+,SG,uber - online
T00161,2024-05-24,Croma NEW DELHI,croma new delhi,Shopping,500-2000,IN,croma new delhi
T00142,2024-06-06,SonyLiv *REF 2169,sonyliv ref 2169,Entertainment,0-200,US,sonyliv *ref 2169
T00414,2024-09-07,BP Fuel Station NEW DELHI,bp fuel station new delhi,Fuel,500-2000,EU,bp fuel station new delhi
T00371,2024-01-04,Domino's Pizza *REF 8822,domino's pizza ref 8822,Dining,500-2000,US,domino's pizza *ref 8822
T00734,2024-05-03,Airtel Postpaid - UPI,airtel postpaid upi,Bills,500-2000,SG,airtel postpaid - upi
T00459,2024-09-30,Pizza Hut BANGALORE IN,pizza hut bangalore in,Dining,2000-5000,SG,pizza hut bangalore in
T00874,2024-02-11,Parking /NETBANKING,parking netbanking,Others,0-200,EU,parking /netbanking
T00685,2024-08-21,Bank Fee #0421,bank fee 0421,Others,2000-5000,SG,bank fee #0421
T00113,2024-03-31,Late Fee BLR IN,late fee blr in,Others,200-500,SG,late fee blr in
T00537,2024-01-23,KFC /NETBANKING,kfc netbanking,Dining,5000+,IN,kfc /netbanking
T00032,2024-06-22,Ola Cabs - ONLINE,ola cabs online,Travel,200-500,IN,ola cabs - online
T00519,2024-09-22,DTH Recharge - UPI,dth recharge upi,Bills,500-2000,US,dth recharge - upi
T00618,2024-10-17,Flipkart MUMBAI IN,flipkart mumbai in,Shopping,200-500,US,flipkart mumbai in
T00631,2024-11-21,Annual Fee BLR IN,annual fee blr in,Others,5000+,SG,annual fee blr in
T00881,2024-04-30,DTH Recharge - UPI,dth recharge upi,Bills,200-500,IN,dth recharge - upi
T00088,2024-08-14,Prime Video - UPI,prime video upi,Entertainment,5000+,EU,prime video - upi
T00547,2024-02-23,Electricity Board,electricity board,Bills,2000-5000,EU,electricity board
T00298,2024-07-04,Uber *REF 2101,uber ref 2101,Travel,200-500,EU,uber *ref 2101
T00807,2024-11-23,More Supermarket BANGALORE IN,more supermarket bangalore in,Groceries,0-200,US,more supermarket bangalore in
T00244,2024-12-01,SonyLiv - ONLINE,sonyliv online,Entertainment,200-500,US,sonyliv - online
T00859,2024-09-25,Prime Video - UPI,prime video upi,Entertainment,5000+,SG,prime video - upi
T00411,2024-01-09,Amazon BANGALORE IN,amazon bangalore in,Shopping,200-500,US,amazon bangalore in
T00634,2024-01-15,SonyLiv /NETBANKING,sonyliv netbanking,Entertainment,0-200,EU,sonyliv /netbanking
T00093,2024-02-02,PVR Cinemas MUMBAI IN,pvr cinemas mumbai in,Entertainment,200-500,US,pvr cinemas mumbai in
T00775,2024-06-29,Subway MUMBAI IN,subway mumbai in,Dining,200-500,SG,subway mumbai in
T00308,2024-07-03,HP Petrol Pump - ONLINE,hp petrol pump online,Fuel,2000-5000,IN,hp petrol pump - online
T00124,2024-06-05,Maintenance Charge /NETBANKING,maintenance charge netbanking,Others,2000-5000,EU,maintenance charge /netbanking
T00649,2024-12-14,SonyLiv /NETBANKING,sonyliv netbanking,Entertainment,5000+,US,sonyliv /netbanking
T00315,2024-11-21,Nature's Basket #0421,nature's basket 0421,Groceries,500-2000,US,nature's basket #0421
T00035,2024-10-03,KFC - POS TXN,kfc pos txn,Dining,2000-5000,US,kfc - pos txn
T00890,2024-06-14,MakeMyTrip BANGALORE IN,makemytrip bangalore in,Travel,200-500,EU,makemytrip bangalore in
T00340,2024-10-30,Bank Fee MUMBAI IN,bank fee mumbai in,Others,5000+,EU,bank fee mumbai in
T00852,2024-03-26,More Supermarket /NETBANKING,more supermarket netbanking,Groceries,0-200,US,more supermarket /netbanking
T00144,2024-08-12,Best Buy NEW DELHI,best buy new delhi,Shopping,5000+,SG,best buy new delhi
T00382,2024-08-21,Uber BLR IN,uber blr in,Travel,200-500,SG,uber blr in
T00047,2024-04-05,IndiGo Airlines,indigo airlines,Travel,5000+,IN,indigo airlines
T00719,2024-02-01,SonyLiv - UPI,sonyliv upi,Entertainment,500-2000,US,sonyliv - upi
T00850,2024-07-30,Best Buy BLR IN,best buy blr in,Shopping,500-2000,SG,best buy blr in
T00135,2024-10-18,Nature's Basket BANGALORE IN,nature's basket bangalore in,Groceries,2000-5000,EU,nature's basket bangalore in
T00691,2024-08-09,Nayara Energy INTL,nayara energy intl,Fuel,5000+,IN,nayara energy intl
T00714,2024-12-17,HP Petrol Pump - ONLINE,hp petrol pump online,Fuel,5000+,EU,hp petrol pump - online
T00588,2024-04-03,Mobile Recharge BANGALORE IN,mobile recharge bangalore in,Bills,2000-5000,IN,mobile recharge bangalore in
T00946,2024-11-16,Netflix INTL,netflix intl,Entertainment,500-2000,EU,netflix intl
T00191,2024-11-22,Late Fee /NETBANKING,late fee netbanking,Others,500-2000,SG,late fee /netbanking
T00059,2024-01-23,Airtel Postpaid - UPI,airtel postpaid upi,Bills,2000-5000,EU,airtel postpaid - upi
T00324,2024-06-12,Hotstar NEW DELHI,hotstar new delhi,Entertainment,5000+,IN,hotstar new delhi
T00612,2024-07-21,MakeMyTrip BLR IN,makemytrip blr in,Travel,500-2000,IN,makemytrip blr in
T00463,2024-09-18,Starbucks #0421,starbucks 0421,Dining,500-2000,US,starbucks #0421
T00959,2024-03-11,Bank Fee MUMBAI IN,bank fee mumbai in,Others,2000-5000,SG,bank fee mumbai in
T00044,2024-08-04,Water Utility - POS TXN,water utility pos txn,Bills,2000-5000,EU,water utility - pos txn
T00103,2024-08-28,Best Buy MUMBAI IN,best buy mumbai in,Shopping,500-2000,IN,best buy mumbai in
T00389,2024-06-01,Zara *REF 4648,zara ref 4648,Shopping,0-200,IN,zara *ref 4648
T00136,2024-11-16,Gas Company /NETBANKING,gas company netbanking,Bills,0-200,US,gas company /netbanking
T00577,2024-12-23,Croma *REF 3885,croma ref 3885,Shopping,200-500,EU,croma *ref 3885
T00654,2024-03-18,Zara - POS TXN,zara pos txn,Shopping,2000-5000,IN,zara - pos txn
T00067,2024-08-28,IndianOil *REF 2771,indianoil ref 2771,Fuel,2000-5000,IN,indianoil *ref 2771
T00628,2024-09-25,More Supermarket NEW DELHI,more supermarket new delhi,Groceries,2000-5000,US,more supermarket new delhi
T00820,2024-12-24,IndianOil MUMBAI IN,indianoil mumbai in,Fuel,500-2000,IN,indianoil mumbai in
T00426,2024-10-09,Airtel Postpaid MUMBAI IN,airtel postpaid mumbai in,Bills,2000-5000,SG,airtel postpaid mumbai in
T00048,2024-03-02,McDonald's - UPI,mcdonald's upi,Dining,200-500,SG,mcdonald's - upi
T00705,2024-04-06,Apple Music #0421,apple music 0421,Entertainment,500-2000,US,apple music #0421
T00703,2024-10-07,Shell Petrol INTL,shell petrol intl,Fuel,500-2000,EU,shell petrol intl
T00774,2024-10-27,Apple Music - UPI,apple music upi,Entertainment,2000-5000,EU,apple music - upi
T00677,2024-06-18,Gas Company BLR IN,gas company blr in,Bills,200-500,SG,gas company blr in
T00847,2024-11-19,BookMyShow - UPI,bookmyshow upi,Entertainment,500-2000,SG,bookmyshow - upi
T00092,2024-03-11,Reliance Fresh INTL,reliance fresh intl,Groceries,5000+,IN,reliance fresh intl
T00188,2024-02-28,Nature's Basket BLR IN,nature's basket blr in,Groceries,500-2000,EU,nature's basket blr in
T00194,2024-01-24,More Supermarket MUMBAI IN,more supermarket mumbai in,Groceries,0-200,US,more supermarket mumbai in
T00865,2024-07-21,Bank Fee MUMBAI IN,bank fee mumbai in,Others,5000+,SG,bank fee mumbai in
T00707,2024-08-18,Burger King,burger king,Dining,5000+,IN,burger king
T00609,2024-12-22,IndianOil BANGALORE IN,indianoil bangalore in,Fuel,0-200,US,indianoil bangalore in
T00050,2024-05-15,Maintenance Charge - ONLINE,maintenance charge online,Others,500-2000,US,maintenance charge - online
T00434,2024-04-28,Cafe Coffee Day,cafe coffee day,Dining,0-200,SG,cafe coffee day
T00432,2024-10-17,Flipkart - POS TXN,flipkart pos txn,Shopping,200-500,US,flipkart - pos txn
T00101,2024-05-13,Myntra BLR IN,myntra blr in,Shopping,200-500,IN,myntra blr in
T00331,2024-02-25,Rapido - POS TXN,rapido pos txn,Travel,5000+,IN,rapido - pos txn
T00087,2024-08-21,Uber NEW DELHI,uber new delhi,Travel,200-500,IN,uber new delhi
T00304,2024-03-10,More Supermarket BLR IN,more supermarket blr in,Groceries,200-500,IN,more supermarket blr in
T00558,2024-04-20,Nature's Basket /NETBANKING,nature's basket netbanking,Groceries,5000+,IN,nature's basket /netbanking
T00810,2024-03-21,Netflix INTL,netflix intl,Entertainment,200-500,IN,netflix intl
T00056,2024-02-29,More Supermarket #0421,more supermarket 0421,Groceries,200-500,EU,more supermarket #0421
T00366,2024-05-25,Target Groceries BANGALORE IN,target groceries bangalore in,Groceries,0-200,EU,target groceries bangalore in
T00523,2024-02-07,Croma NEW DELHI,croma new delhi,Shopping,200-500,SG,croma new delhi
T00934,2024-11-13,McDonald's /NETBANKING,mcdonald's netbanking,Dining,0-200,US,mcdonald's /netbanking
T00963,2024-06-09,BP Fuel Station MUMBAI IN,bp fuel station mumbai in,Fuel,0-200,SG,bp fuel station mumbai in
T00065,2024-07-30,Myntra - ONLINE,myntra online,Shopping,200-500,US,myntra - online
T00578,2024-10-15,Toll Plaza,toll plaza,Others,500-2000,US,toll plaza
T00838,2024-08-30,Lifestyle - ONLINE,lifestyle online,Shopping,200-500,US,lifestyle - online
T00800,2024-07-08,Zara NEW DELHI,zara new delhi,Shopping,2000-5000,US,zara new delhi
T00604,2024-03-28,MakeMyTrip #0421,makemytrip 0421,Travel,0-200,US,makemytrip #0421
T00681,2024-05-28,Uber #0421,uber 0421,Travel,200-500,IN,uber #0421
T00446,2024-05-17,Apple Music *REF 3274,apple music ref 3274,Entertainment,500-2000,EU,apple music *ref 3274
T00440,2024-02-16,Apple Music INTL,apple music intl,Entertainment,500-2000,IN,apple music intl
T00408,2024-08-26,Essar Fuel INTL,essar fuel intl,Fuel,500-2000,SG,essar fuel intl
T00728,2024-01-21,Big Bazaar INTL,big bazaar intl,Groceries,2000-5000,US,big bazaar intl
T00556,2024-08-25,Annual Fee - ONLINE,annual fee online,Others,2000-5000,EU,annual fee - online
T00957,2024-07-02,Essar Fuel - ONLINE,essar fuel online,Fuel,200-500,IN,essar fuel - online
T00290,2024-06-22,Parking MUMBAI IN,parking mumbai in,Others,2000-5000,SG,parking mumbai in
T00688,2024-12-16,Rapido *REF 7221,rapido ref 7221,Travel,500-2000,IN,rapido *ref 7221
T00651,2024-10-26,Walmart INTL,walmart intl,Groceries,500-2000,EU,walmart intl
T00926,2024-05-14,Pizza Hut BANGALORE IN,pizza hut bangalore in,Dining,0-200,SG,pizza hut bangalore in
T00280,2024-12-06,Bank Fee BANGALORE IN,bank fee bangalore in,Others,2000-5000,US,bank fee bangalore in
T00573,2024-06-12,Parking - POS TXN,parking pos txn,Others,200-500,IN,parking - pos txn
T00348,2024-02-01,BP Fuel Station NEW DELHI,bp fuel station new delhi,Fuel,5000+,SG,bp fuel station new delhi
T00515,2024-07-29,Prime Video INTL,prime video intl,Entertainment,200-500,US,prime video intl
T00350,2024-10-06,Croma *REF 8531,croma ref 8531,Shopping,5000+,EU,croma *ref 8531
T00999,2024-03-30,Maintenance Charge MUMBAI IN,maintenance charge mumbai in,Others,5000+,IN,maintenance charge mumbai in
T00213,2024-02-20,Walmart NEW DELHI,walmart new delhi,Groceries,5000+,SG,walmart new delhi
T00217,2024-08-09,Ola Cabs #0421,ola cabs 0421,Travel,0-200,IN,ola cabs #0421
T00720,2024-08-19,DMart NEW DELHI,dmart new delhi,Groceries,0-200,EU,dmart new delhi
T00664,2024-09-23,Starbucks - POS TXN,starbucks pos txn,Dining,500-2000,SG,starbucks - pos txn
T00372,2024-06-17,Walmart - ONLINE,walmart online,Groceries,2000-5000,EU,walmart - online
T00831,2024-06-10,Prime Video #0421,prime video 0421,Entertainment,5000+,SG,prime video #0421
T00173,2024-03-15,Electricity Board INTL,electricity board intl,Bills,500-2000,SG,electricity board intl
T00898,2024-01-17,Shell Petrol BLR IN,shell petrol blr in,Fuel,200-500,IN,shell petrol blr in
T00193,2024-12-24,Toll Plaza - ONLINE,toll plaza online,Others,0-200,SG,toll plaza - online
T00478,2024-12-10,IndiGo Airlines - UPI,indigo airlines upi,Travel,500-2000,IN,indigo airlines - upi
T00560,2024-01-16,Mobile Recharge - POS TXN,mobile recharge pos txn,Bills,500-2000,US,mobile recharge - pos txn
T00771,2024-09-22,Reliance Fresh - ONLINE,reliance fresh online,Groceries,0-200,US,reliance fresh - online
T00427,2024-02-12,Uber - UPI,uber upi,Travel,0-200,US,uber - upi
T00767,2024-07-22,DMart BLR IN,dmart blr in,Groceries,5000+,IN,dmart blr in
T00416,2024-02-08,IndiGo Airlines NEW DELHI,indigo airlines new delhi,Travel,0-200,IN,indigo airlines new delhi
T00379,2024-02-01,Vistara #0421,vistara 0421,Travel,5000+,IN,vistara #0421
T00235,2024-02-06,Apple Music NEW DELHI,apple music new delhi,Entertainment,200-500,EU,apple music new delhi
T00566,2024-01-16,Uber *REF 8096,uber ref 8096,Travel,2000-5000,SG,uber *ref 8096
T00627,2024-02-03,Annual Fee,annual fee,Others,5000+,US,annual fee
T00840,2024-10-14,Annual Fee BLR IN,annual fee blr in,Others,500-2000,EU,annual fee blr in
T00265,2024-09-30,Nature's Basket /NETBANKING,nature's basket netbanking,Groceries,2000-5000,US,nature's basket /netbanking
T00076,2024-12-07,Late Fee #0421,late fee 0421,Others,500-2000,EU,late fee #0421
T00454,2024-07-20,MakeMyTrip INTL,makemytrip intl,Travel,2000-5000,EU,makemytrip intl
T00811,2024-07-26,Subway MUMBAI IN,subway mumbai in,Dining,500-2000,SG,subway mumbai in
T00292,2024-08-08,Nature's Basket #0421,nature's basket 0421,Groceries,2000-5000,IN,nature's basket #0421
T00012,2024-11-07,Bank Fee - UPI,bank fee upi,Others,500-2000,IN,bank fee - upi
T00225,2024-07-11,Airtel Postpaid /NETBANKING,airtel postpaid netbanking,Bills,5000+,US,airtel postpaid /netbanking
T00356,2024-12-01,More Supermarket #0421,more supermarket 0421,Groceries,500-2000,SG,more supermarket #0421
T00097,2024-09-06,Zara /NETBANKING,zara netbanking,Shopping,5000+,US,zara /netbanking
T00289,2024-03-04,DTH Recharge - UPI,dth recharge upi,Bills,500-2000,EU,dth recharge - upi
T00710,2024-09-15,Burger King - UPI,burger king upi,Dining,5000+,EU,burger king - upi
T00251,2024-02-01,IndianOil BANGALORE IN,indianoil bangalore in,Fuel,2000-5000,US,indianoil bangalore in
T00524,2024-04-20,Gas Company #0421,gas company 0421,Bills,0-200,EU,gas company #0421
T00245,2024-10-15,Domino's Pizza - UPI,domino's pizza upi,Dining,2000-5000,SG,domino's pizza - upi
T00949,2024-07-14,Hotstar MUMBAI IN,hotstar mumbai in,Entertainment,200-500,IN,hotstar mumbai in
T00020,2024-11-01,Domino's Pizza - UPI,domino's pizza upi,Dining,200-500,SG,domino's pizza - upi
T00118,2024-11-01,Annual Fee - POS TXN,annual fee pos txn,Others,500-2000,EU,annual fee - pos txn
T00241,2024-06-19,Burger King - POS TXN,burger king pos txn,Dining,500-2000,US,burger king - pos txn
T00511,2024-09-01,Annual Fee #0421,annual fee 0421,Others,2000-5000,US,annual fee #0421
T00344,2024-01-27,IRCTC - UPI,irctc upi,Travel,5000+,US,irctc - upi
T00910,2024-07-11,Croma BANGALORE IN,croma bangalore in,Shopping,200-500,US,croma bangalore in
T00385,2024-02-05,Croma /NETBANKING,croma netbanking,Shopping,0-200,IN,croma /netbanking
T00801,2024-12-27,IRCTC - POS TXN,irctc pos txn,Travel,5000+,EU,irctc - pos txn
T00111,2024-02-05,Electricity Board NEW DELHI,electricity board new delhi,Bills,2000-5000,EU,electricity board new delhi
T00138,2024-12-18,Spotify *REF 1043,spotify ref 1043,Entertainment,2000-5000,SG,spotify *ref 1043
T00985,2024-03-23,Starbucks #0421,starbucks 0421,Dining,2000-5000,US,starbucks #0421
T00373,2024-05-13,Target Groceries /NETBANKING,target groceries netbanking,Groceries,5000+,IN,target groceries /netbanking
T00384,2024-01-24,Nature's Basket,nature's basket,Groceries,200-500,IN,nature's basket
T00658,2024-03-07,DMart *REF 3595,dmart ref 3595,Groceries,2000-5000,IN,dmart *ref 3595
T00456,2024-05-29,Mobile Recharge BLR IN,mobile recharge blr in,Bills,200-500,SG,mobile recharge blr in
T00885,2024-11-16,Ola Cabs - UPI,ola cabs upi,Travel,5000+,EU,ola cabs - upi
T00070,2024-11-24,Nature's Basket #0421,nature's basket 0421,Groceries,500-2000,EU,nature's basket #0421
T00635,2024-12-12,Amazon *REF 4511,amazon ref 4511,Shopping,200-500,US,amazon *ref 4511
T00321,2024-03-21,Best Buy BLR IN,best buy blr in,Shopping,0-200,IN,best buy blr in
T00445,2024-10-19,Flipkart /NETBANKING,flipkart netbanking,Shopping,5000+,US,flipkart /netbanking
T00684,2024-07-09,Parking BANGALORE IN,parking bangalore in,Others,500-2000,IN,parking bangalore in
T00254,2024-12-13,Maintenance Charge MUMBAI IN,maintenance charge mumbai in,Others,2000-5000,EU,maintenance charge mumbai in
T00064,2024-10-13,Nayara Energy - ONLINE,nayara energy online,Fuel,0-200,EU,nayara energy - online
T00365,2024-01-05,IndiGo Airlines /NETBANKING,indigo airlines netbanking,Travel,500-2000,IN,indigo airlines /netbanking
T00487,2024-10-16,Essar Fuel - POS TXN,essar fuel pos txn,Fuel,200-500,SG,essar fuel - pos txn
T00249,2024-02-09,Uber,uber,Travel,500-2000,EU,uber
T00508,2024-12-01,More Supermarket /NETBANKING,more supermarket netbanking,Groceries,200-500,SG,more supermarket /netbanking
T00284,2024-11-25,Cafe Coffee Day *REF 1726,cafe coffee day ref 1726,Dining,500-2000,EU,cafe coffee day *ref 1726
T00927,2024-03-10,Burger King NEW DELHI,burger king new delhi,Dining,2000-5000,US,burger king new delhi
T00237,2024-12-29,Toll Plaza MUMBAI IN,toll plaza mumbai in,Others,5000+,SG,toll plaza mumbai in
T00557,2024-12-17,Nature's Basket #0421,nature's basket 0421,Groceries,0-200,US,nature's basket #0421
T00438,2024-12-31,Flipkart BANGALORE IN,flipkart bangalore in,Shopping,500-2000,US,flipkart bangalore in
T00549,2024-09-23,SonyLiv #0421,sonyliv 0421,Entertainment,0-200,US,sonyliv #0421
T00585,2024-03-30,Apple Music - UPI,apple music upi,Entertainment,2000-5000,EU,apple music - upi
T00989,2024-09-26,IndiGo Airlines #0421,indigo airlines 0421,Travel,500-2000,EU,indigo airlines #0421
T00932,2024-08-13,Hotstar BANGALORE IN,hotstar bangalore in,Entertainment,2000-5000,US,hotstar bangalore in
T00501,2024-04-21,Annual Fee #0421,annual fee 0421,Others,5000+,SG,annual fee #0421
T00100,2024-02-12,Netflix MUMBAI IN,netflix mumbai in,Entertainment,5000+,IN,netflix mumbai in
T00444,2024-07-30,Annual Fee MUMBAI IN,annual fee mumbai in,Others,0-200,EU,annual fee mumbai in
T00422,2024-05-03,Myntra #0421,myntra 0421,Shopping,0-200,US,myntra #0421
T00945,2024-07-20,Essar Fuel - POS TXN,essar fuel pos txn,Fuel,500-2000,SG,essar fuel - pos txn
T00619,2024-10-01,McDonald's BANGALORE IN,mcdonald's bangalore in,Dining,0-200,EU,mcdonald's bangalore in
T00931,2024-06-05,Bank Fee INTL,bank fee intl,Others,500-2000,IN,bank fee intl
T00183,2024-11-13,Essar Fuel INTL,essar fuel intl,Fuel,200-500,US,essar fuel intl
T00974,2024-10-08,Zara BANGALORE IN,zara bangalore in,Shopping,200-500,SG,zara bangalore in
T00694,2024-06-18,Spotify BLR IN,spotify blr in,Entertainment,500-2000,US,spotify blr in
T00403,2024-08-18,IndianOil - ONLINE,indianoil online,Fuel,500-2000,IN,indianoil - online
T00539,2024-04-24,BookMyShow,bookmyshow,Entertainment,5000+,SG,bookmyshow
T00872,2024-01-08,Uber - ONLINE,uber online,Travel,0-200,US,uber - online
T00576,2024-04-22,Nayara Energy - ONLINE,nayara energy online,Fuel,500-2000,IN,nayara energy - online
T00362,2024-06-13,Rapido - UPI,rapido upi,Travel,200-500,EU,rapido - upi
T00042,2024-09-05,Airtel Postpaid - ONLINE,airtel postpaid online,Bills,200-500,SG,airtel postpaid - online
T00913,2024-01-12,Electricity Board - ONLINE,electricity board online,Bills,200-500,EU,electricity board - online
T00816,2024-10-02,Subway INTL,subway intl,Dining,0-200,EU,subway intl
T00242,2024-06-27,Spotify NEW DELHI,spotify new delhi,Entertainment,0-200,US,spotify new delhi
T00962,2024-08-22,Prime Video BANGALORE IN,prime video bangalore in,Entertainment,2000-5000,EU,prime video bangalore in
T00163,2024-08-21,Rapido INTL,rapido intl,Travel,500-2000,SG,rapido intl
T00184,2024-11-17,More Supermarket /NETBANKING,more supermarket netbanking,Groceries,200-500,IN,more supermarket /netbanking
T00856,2024-03-08,Nayara Energy - POS TXN,nayara energy pos txn,Fuel,2000-5000,US,nayara energy - pos txn
T00947,2024-11-16,DMart NEW DELHI,dmart new delhi,Groceries,500-2000,IN,dmart new delhi
T00178,2024-12-19,Vistara BANGALORE IN,vistara bangalore in,Travel,500-2000,SG,vistara bangalore in
T00062,2024-08-08,Netflix INTL,netflix intl,Entertainment,5000+,US,netflix intl
T00096,2024-07-18,H&M,h&m,Shopping,500-2000,EU,h&m
T00700,2024-07-05,Nayara Energy - UPI,nayara energy upi,Fuel,2000-5000,EU,nayara energy - upi
T00988,2024-05-29,Flipkart MUMBAI IN,flipkart mumbai in,Shopping,5000+,IN,flipkart mumbai in
T00195,2024-04-30,Electricity Board BLR IN,electricity board blr in,Bills,0-200,IN,electricity board blr in
T00916,2024-06-02,Toll Plaza - ONLINE,toll plaza online,Others,200-500,EU,toll plaza - online
T00055,2024-12-07,Target Groceries - UPI,target groceries upi,Groceries,5000+,IN,target groceries - upi
T00755,2024-02-20,Ola Cabs - POS TXN,ola cabs pos txn,Travel,0-200,EU,ola cabs - pos txn
T00760,2024-07-03,Bank Fee - ONLINE,bank fee online,Others,2000-5000,EU,bank fee - online
T00670,2024-12-19,Mobile Recharge #0421,mobile recharge 0421,Bills,0-200,IN,mobile recharge #0421
T00659,2024-07-15,Lifestyle MUMBAI IN,lifestyle mumbai in,Shopping,2000-5000,SG,lifestyle mumbai in
T00256,2024-06-19,Burger King - POS TXN,burger king pos txn,Dining,500-2000,US,burger king - pos txn
T00202,2024-10-27,Bank Fee *REF 4362,bank fee ref 4362,Others,0-200,US,bank fee *ref 4362
T00504,2024-03-04,Airtel Postpaid #0421,airtel postpaid 0421,Bills,2000-5000,IN,airtel postpaid #0421
T00079,2024-10-23,Electricity Board - POS TXN,electricity board pos txn,Bills,200-500,SG,electricity board - pos txn
T00920,2024-08-01,DTH Recharge INTL,dth recharge intl,Bills,500-2000,SG,dth recharge intl
T00451,2024-11-29,Croma BLR IN,croma blr in,Shopping,500-2000,SG,croma blr in
T00367,2024-04-08,Rapido *REF 9261,rapido ref 9261,Travel,2000-5000,EU,rapido *ref 9261
T00972,2024-02-16,Reliance Fresh /NETBANKING,reliance fresh netbanking,Groceries,200-500,IN,reliance fresh /netbanking
T00998,2024-02-28,Target Groceries NEW DELHI,target groceries new delhi,Groceries,500-2000,IN,target groceries new delhi
T00529,2024-01-30,Subway /NETBANKING,subway netbanking,Dining,2000-5000,US,subway /netbanking
T00116,2024-06-21,BP Fuel Station BANGALORE IN,bp fuel station bangalore in,Fuel,5000+,SG,bp fuel station bangalore in
T00226,2024-06-08,H&M INTL,h&m intl,Shopping,200-500,EU,h&m intl
T00666,2024-01-10,Annual Fee - ONLINE,annual fee online,Others,200-500,SG,annual fee - online
T00704,2024-09-09,Late Fee #0421,late fee 0421,Others,0-200,US,late fee #0421
T00535,2024-01-29,Pizza Hut BLR IN,pizza hut blr in,Dining,5000+,EU,pizza hut blr in
T00943,2024-04-05,Cafe Coffee Day BLR IN,cafe coffee day blr in,Dining,5000+,IN,cafe coffee day blr in
T00802,2024-08-16,Myntra - UPI,myntra upi,Shopping,0-200,US,myntra - upi
T00343,2024-11-01,Burger King BANGALORE IN,burger king bangalore in,Dining,500-2000,IN,burger king bangalore in
T00436,2024-04-26,Mobile Recharge - POS TXN,mobile recharge pos txn,Bills,2000-5000,SG,mobile recharge - pos txn
T00481,2024-11-21,Apple Music MUMBAI IN,apple music mumbai in,Entertainment,200-500,SG,apple music mumbai in
T00905,2024-10-12,Essar Fuel - UPI,essar fuel upi,Fuel,200-500,US,essar fuel - upi
T00452,2024-09-02,SonyLiv INTL,sonyliv intl,Entertainment,5000+,US,sonyliv intl
T00480,2024-08-02,Hotstar /NETBANKING,hotstar netbanking,Entertainment,200-500,SG,hotstar /netbanking
T00363,2024-09-30,More Supermarket,more supermarket,Groceries,0-200,US,more supermarket
T00725,2024-03-31,Nayara Energy - ONLINE,nayara energy online,Fuel,500-2000,SG,nayara energy - online
T00857,2024-08-31,Netflix,netflix,Entertainment,500-2000,EU,netflix
T00046,2024-10-26,Mobile Recharge INTL,mobile recharge intl,Bills,0-200,IN,mobile recharge intl
T00086,2024-03-31,DTH Recharge #0421,dth recharge 0421,Bills,2000-5000,US,dth recharge #0421
T00854,2024-02-23,Airtel Postpaid MUMBAI IN,airtel postpaid mumbai in,Bills,5000+,IN,airtel postpaid mumbai in
T00805,2024-04-23,RedBus #0421,redbus 0421,Travel,0-200,EU,redbus #0421
T00721,2024-05-01,KFC /NETBANKING,kfc netbanking,Dining,5000+,SG,kfc /netbanking
T00986,2024-08-21,Target Groceries - UPI,target groceries upi,Groceries,5000+,US,target groceries - upi
T00505,2024-04-13,Prime Video BLR IN,prime video blr in,Entertainment,0-200,SG,prime video blr in
T00976,2024-06-06,BookMyShow /NETBANKING,bookmyshow netbanking,Entertainment,0-200,SG,bookmyshow /netbanking
T00833,2024-04-05,Cafe Coffee Day INTL,cafe coffee day intl,Dining,5000+,EU,cafe coffee day intl
T00718,2024-05-16,Myntra,myntra,Shopping,0-200,US,myntra
T00701,2024-10-13,DTH Recharge - ONLINE,dth recharge online,Bills,2000-5000,EU,dth recharge - online
T00606,2024-11-24,Rapido - UPI,rapido upi,Travel,500-2000,IN,rapido - upi
T00435,2024-06-16,Cafe Coffee Day BANGALORE IN,cafe coffee day bangalore in,Dining,5000+,SG,cafe coffee day bangalore in
T00496,2024-05-07,Amazon - POS TXN,amazon pos txn,Shopping,200-500,US,amazon - pos txn
T00794,2024-02-12,Burger King *REF 5170,burger king ref 5170,Dining,2000-5000,US,burger king *ref 5170
T00888,2024-03-09,Shell Petrol /NETBANKING,shell petrol netbanking,Fuel,2000-5000,EU,shell petrol /netbanking
T00334,2024-10-08,Big Bazaar MUMBAI IN,big bazaar mumbai in,Groceries,5000+,SG,big bazaar mumbai in
T00151,2024-06-10,Zara,zara,Shopping,2000-5000,IN,zara
T00868,2024-03-10,Walmart - ONLINE,walmart online,Groceries,0-200,US,walmart - online
T00715,2024-12-29,Late Fee *REF 3913,late fee ref 3913,Others,5000+,EU,late fee *ref 3913
T00255,2024-06-17,DTH Recharge - UPI,dth recharge upi,Bills,500-2000,IN,dth recharge - upi
T00616,2024-07-17,SonyLiv INTL,sonyliv intl,Entertainment,0-200,IN,sonyliv intl
T00458,2024-07-12,DMart - POS TXN,dmart pos txn,Groceries,200-500,SG,dmart - pos txn
T00211,2024-02-03,Ola Cabs #0421,ola cabs 0421,Travel,500-2000,US,ola cabs #0421
T00676,2024-03-23,IndianOil /NETBANKING,indianoil netbanking,Fuel,2000-5000,EU,indianoil /netbanking
T00969,2024-04-02,Ola Cabs /NETBANKING,ola cabs netbanking,Travel,5000+,IN,ola cabs /netbanking
T00425,2024-11-30,Nayara Energy - ONLINE,nayara energy online,Fuel,500-2000,IN,nayara energy - online
T00858,2024-12-23,IRCTC NEW DELHI,irctc new delhi,Travel,2000-5000,US,irctc new delhi
T00809,2024-11-10,DTH Recharge BANGALORE IN,dth recharge bangalore in,Bills,5000+,US,dth recharge bangalore in
T00460,2024-02-25,Zara,zara,Shopping,500-2000,IN,zara
T00747,2024-05-24,Subway - UPI,subway upi,Dining,500-2000,IN,subway - upi
T00465,2024-05-31,Hotstar,hotstar,Entertainment,2000-5000,IN,hotstar
T00392,2024-02-21,Amazon - ONLINE,amazon online,Shopping,200-500,IN,amazon - online
T00835,2024-12-24,Prime Video MUMBAI IN,prime video mumbai in,Entertainment,200-500,SG,prime video mumbai in
T00387,2024-07-11,Croma MUMBAI IN,croma mumbai in,Shopping,2000-5000,SG,croma mumbai in
T00260,2024-04-08,DMart - ONLINE,dmart online,Groceries,500-2000,SG,dmart - online
T00493,2024-09-29,PVR Cinemas - ONLINE,pvr cinemas online,Entertainment,0-200,EU,pvr cinemas - online
T00579,2024-09-08,BP Fuel Station NEW DELHI,bp fuel station new delhi,Fuel,500-2000,US,bp fuel station new delhi
T00669,2024-10-31,Nature's Basket NEW DELHI,nature's basket new delhi,Groceries,5000+,IN,nature's basket new delhi
T00592,2024-06-28,Electricity Board - ONLINE,electricity board online,Bills,200-500,IN,electricity board - online
T00457,2024-11-20,Burger King - UPI,burger king upi,Dining,2000-5000,US,burger king - upi
T00952,2024-08-08,PVR Cinemas *REF 6062,pvr cinemas ref 6062,Entertainment,5000+,US,pvr cinemas *ref 6062
T00781,2024-10-20,Amazon - ONLINE,amazon online,Shopping,0-200,US,amazon - online
T00525,2024-11-17,Airtel Postpaid MUMBAI IN,airtel postpaid mumbai in,Bills,5000+,EU,airtel postpaid mumbai in
T00152,2024-12-02,Reliance Fresh #0421,reliance fresh 0421,Groceries,2000-5000,IN,reliance fresh #0421
T00564,2024-04-11,Nature's Basket #0421,nature's basket 0421,Groceries,0-200,IN,nature's basket #0421
T00303,2024-11-09,Subway - POS TXN,subway pos txn,Dining,2000-5000,US,subway - pos txn
T00956,2024-11-06,Domino's Pizza *REF 1429,domino's pizza ref 1429,Dining,5000+,EU,domino's pizza *ref 1429
T00207,2024-09-19,McDonald's BLR IN,mcdonald's blr in,Dining,2000-5000,EU,mcdonald's blr in
T00145,2024-01-14,Starbucks MUMBAI IN,starbucks mumbai in,Dining,500-2000,EU,starbucks mumbai in
T00296,2024-12-09,Best Buy - UPI,best buy upi,Shopping,0-200,IN,best buy - upi
T00554,2024-02-24,HP Petrol Pump BANGALORE IN,hp petrol pump bangalore in,Fuel,0-200,US,hp petrol pump bangalore in
T00605,2024-07-22,Big Bazaar BLR IN,big bazaar blr in,Groceries,0-200,EU,big bazaar blr in
T00248,2024-08-24,Electricity Board NEW DELHI,electricity board new delhi,Bills,0-200,EU,electricity board new delhi
T00900,2024-04-16,Bank Fee BANGALORE IN,bank fee bangalore in,Others,0-200,IN,bank fee bangalore in
T00540,2024-02-09,Bank Fee MUMBAI IN,bank fee mumbai in,Others,500-2000,EU,bank fee mumbai in
T00122,2024-12-05,BP Fuel Station /NETBANKING,bp fuel station netbanking,Fuel,200-500,EU,bp fuel station /netbanking
T00514,2024-11-08,Spotify NEW DELHI,spotify new delhi,Entertainment,5000+,IN,spotify new delhi
T00476,2024-11-01,More Supermarket BLR IN,more supermarket blr in,Groceries,5000+,EU,more supermarket blr in
T00861,2024-03-20,IRCTC INTL,irctc intl,Travel,2000-5000,EU,irctc intl
T00968,2024-08-25,Best Buy BANGALORE IN,best buy bangalore in,Shopping,0-200,US,best buy bangalore in
T00420,2024-01-07,Uber,uber,Travel,5000+,SG,uber
T00992,2024-03-07,Maintenance Charge NEW DELHI,maintenance charge new delhi,Others,5000+,EU,maintenance charge new delhi
T00568,2024-11-27,Walmart *REF 1567,walmart ref 1567,Groceries,5000+,US,walmart *ref 1567
T00848,2024-04-26,Flipkart #0421,flipkart 0421,Shopping,200-500,EU,flipkart #0421
T00407,2024-07-22,Pizza Hut - ONLINE,pizza hut online,Dining,5000+,US,pizza hut - online
T00712,2024-07-30,Maintenance Charge BLR IN,maintenance charge blr in,Others,200-500,US,maintenance charge blr in
T00170,2024-11-19,Uber BANGALORE IN,uber bangalore in,Travel,0-200,US,uber bangalore in
T00311,2024-08-26,Domino's Pizza INTL,domino's pizza intl,Dining,0-200,SG,domino's pizza intl
T00208,2024-12-03,Pizza Hut NEW DELHI,pizza hut new delhi,Dining,200-500,IN,pizza hut new delhi
T00081,2024-09-20,IndiGo Airlines - UPI,indigo airlines upi,Travel,0-200,EU,indigo airlines - upi
T00711,2024-07-22,Lifestyle BANGALORE IN,lifestyle bangalore in,Shopping,200-500,EU,lifestyle bangalore in
T00453,2024-12-21,Bank Fee MUMBAI IN,bank fee mumbai in,Others,500-2000,EU,bank fee mumbai in
T00057,2024-06-24,Domino's Pizza - POS TXN,domino's pizza pos txn,Dining,500-2000,US,domino's pizza - pos txn
T00791,2024-12-13,IndiGo Airlines BANGALORE IN,indigo airlines bangalore in,Travel,5000+,IN,indigo airlines bangalore in
T00198,2024-08-15,Best Buy,best buy,Shopping,500-2000,US,best buy
T00893,2024-04-04,DTH Recharge - UPI,dth recharge upi,Bills,5000+,SG,dth recharge - upi
T00029,2024-12-03,Ola Cabs NEW DELHI,ola cabs new delhi,Travel,200-500,US,ola cabs new delhi
T00983,2024-03-15,BookMyShow,bookmyshow,Entertainment,500-2000,IN,bookmyshow
T00510,2024-01-05,PVR Cinemas NEW DELHI,pvr cinemas new delhi,Entertainment,2000-5000,IN,pvr cinemas new delhi
T00177,2024-02-07,DTH Recharge BLR IN,dth recharge blr in,Bills,500-2000,US,dth recharge blr in
T00125,2024-03-02,DMart #0421,dmart 0421,Groceries,200-500,EU,dmart #0421
T00266,2024-12-13,IndianOil BLR IN,indianoil blr in,Fuel,200-500,EU,indianoil blr in
T00787,2024-04-27,Parking BANGALORE IN,parking bangalore in,Others,5000+,IN,parking bangalore in
T00351,2024-04-08,Late Fee /NETBANKING,late fee netbanking,Others,500-2000,SG,late fee /netbanking
T00396,2024-07-30,Bank Fee - POS TXN,bank fee pos txn,Others,200-500,US,bank fee - pos txn
T00075,2024-11-15,IndianOil MUMBAI IN,indianoil mumbai in,Fuel,0-200,EU,indianoil mumbai in
T00786,2024-03-26,BookMyShow BANGALORE IN,bookmyshow bangalore in,Entertainment,5000+,EU,bookmyshow bangalore in
T00085,2024-12-01,H&M MUMBAI IN,h&m mumbai in,Shopping,200-500,US,h&m mumbai in
T00608,2024-05-14,Uber - POS TXN,uber pos txn,Travel,2000-5000,SG,uber - pos txn
T00095,2024-10-21,Jio Fiber MUMBAI IN,jio fiber mumbai in,Bills,2000-5000,IN,jio fiber mumbai in
T00159,2024-07-15,Rapido - ONLINE,rapido online,Travel,2000-5000,US,rapido - online
T00596,2024-06-12,Ola Cabs,ola cabs,Travel,500-2000,IN,ola cabs
T00687,2024-08-01,Spotify *REF 1960,spotify ref 1960,Entertainment,200-500,IN,spotify *ref 1960
T00611,2024-10-01,Essar Fuel,essar fuel,Fuel,2000-5000,SG,essar fuel
T00981,2024-05-05,H&M #0421,h&m 0421,Shopping,5000+,IN,h&m #0421
T00243,2024-02-22,Late Fee - UPI,late fee upi,Others,200-500,US,late fee - upi
T00671,2024-10-07,Burger King BLR IN,burger king blr in,Dining,2000-5000,IN,burger king blr in
T00650,2024-04-24,Late Fee #0421,late fee 0421,Others,200-500,EU,late fee #0421
T00147,2024-09-22,Target Groceries,target groceries,Groceries,200-500,SG,target groceries
T00875,2024-10-05,Netflix - POS TXN,netflix pos txn,Entertainment,2000-5000,IN,netflix - pos txn
T00828,2024-04-03,Parking BANGALORE IN,parking bangalore in,Others,500-2000,SG,parking bangalore in
T00797,2024-07-28,Water Utility - UPI,water utility upi,Bills,200-500,EU,water utility - upi
T00203,2024-05-21,HP Petrol Pump INTL,hp petrol pump intl,Fuel,200-500,IN,hp petrol pump intl
T00349,2024-09-26,PVR Cinemas NEW DELHI,pvr cinemas new delhi,Entertainment,500-2000,SG,pvr cinemas new delhi
T00930,2024-07-06,McDonald's - UPI,mcdonald's upi,Dining,2000-5000,SG,mcdonald's - upi
T00653,2024-12-14,Pizza Hut - ONLINE,pizza hut online,Dining,5000+,IN,pizza hut - online
T00954,2024-07-29,Annual Fee *REF 1483,annual fee ref 1483,Others,500-2000,SG,annual fee *ref 1483
T00239,2024-08-11,Prime Video /NETBANKING,prime video netbanking,Entertainment,500-2000,IN,prime video /netbanking
T00128,2024-05-20,SonyLiv,sonyliv,Entertainment,5000+,US,sonyliv
T00045,2024-01-30,IndiGo Airlines - ONLINE,indigo airlines online,Travel,500-2000,US,indigo airlines - online
T00693,2024-09-10,Airtel Postpaid - UPI,airtel postpaid upi,Bills,200-500,SG,airtel postpaid - upi
T00903,2024-04-20,Mobile Recharge #0421,mobile recharge 0421,Bills,500-2000,IN,mobile recharge #0421
T00569,2024-02-01,Walmart MUMBAI IN,walmart mumbai in,Groceries,5000+,SG,walmart mumbai in
T00368,2024-01-08,Cafe Coffee Day *REF 8518,cafe coffee day ref 8518,Dining,500-2000,US,cafe coffee day *ref 8518
T00449,2024-08-22,Nayara Energy - UPI,nayara energy upi,Fuel,2000-5000,US,nayara energy - upi
T00773,2024-05-14,Service Charge /NETBANKING,service charge netbanking,Others,5000+,EU,service charge /netbanking
T00301,2024-02-28,Parking INTL,parking intl,Others,500-2000,US,parking intl
T00735,2024-02-28,Shell Petrol - UPI,shell petrol upi,Fuel,500-2000,SG,shell petrol - upi
T00607,2024-04-05,Myntra INTL,myntra intl,Shopping,2000-5000,EU,myntra intl
T00273,2024-03-11,Electricity Board #0421,electricity board 0421,Bills,500-2000,US,electricity board #0421
T00322,2024-06-23,RedBus BLR IN,redbus blr in,Travel,2000-5000,US,redbus blr in
T00582,2024-03-16,Late Fee *REF 6301,late fee ref 6301,Others,0-200,IN,late fee *ref 6301
T00668,2024-11-23,Spotify INTL,spotify intl,Entertainment,0-200,SG,spotify intl
T00789,2024-08-31,Myntra BANGALORE IN,myntra bangalore in,Shopping,0-200,US,myntra bangalore in
T00375,2024-12-19,DMart MUMBAI IN,dmart mumbai in,Groceries,5000+,EU,dmart mumbai in
T00919,2024-02-10,Big Bazaar /NETBANKING,big bazaar netbanking,Groceries,5000+,SG,big bazaar /netbanking
T00744,2024-06-10,Lifestyle BLR IN,lifestyle blr in,Shopping,2000-5000,SG,lifestyle blr in
T00409,2024-08-26,Maintenance Charge - POS TXN,maintenance charge pos txn,Others,500-2000,SG,maintenance charge - pos txn
T00843,2024-06-25,Reliance Fresh INTL,reliance fresh intl,Groceries,5000+,EU,reliance fresh intl
T00486,2024-05-20,Starbucks - ONLINE,starbucks online,Dining,500-2000,IN,starbucks - online
T00400,2024-04-25,Walmart *REF 9813,walmart ref 9813,Groceries,2000-5000,US,walmart *ref 9813
T00917,2024-06-15,Burger King BANGALORE IN,burger king bangalore in,Dining,200-500,IN,burger king bangalore in
T00060,2024-10-09,Electricity Board *REF 5291,electricity board ref 5291,Bills,200-500,SG,electricity board *ref 5291
T00306,2024-06-02,Late Fee #0421,late fee 0421,Others,5000+,EU,late fee #0421
T00904,2024-04-07,McDonald's /NETBANKING,mcdonald's netbanking,Dining,200-500,SG,mcdonald's /netbanking
T00224,2024-11-20,Jio Fiber *REF 7566,jio fiber ref 7566,Bills,0-200,US,jio fiber *ref 7566
T00110,2024-10-16,Shell Petrol /NETBANKING,shell petrol netbanking,Fuel,500-2000,IN,shell petrol /netbanking
T00803,2024-06-22,Spotify - ONLINE,spotify online,Entertainment,5000+,SG,spotify - online
T00552,2024-07-20,PVR Cinemas - POS TXN,pvr cinemas pos txn,Entertainment,500-2000,EU,pvr cinemas - pos txn
T00732,2024-07-03,Bank Fee - ONLINE,bank fee online,Others,500-2000,EU,bank fee - online
T00072,2024-06-25,SonyLiv,sonyliv,Entertainment,0-200,SG,sonyliv
T00804,2024-03-15,Jio Fiber MUMBAI IN,jio fiber mumbai in,Bills,0-200,IN,jio fiber mumbai in
T00477,2024-06-29,Lifestyle BANGALORE IN,lifestyle bangalore in,Shopping,0-200,EU,lifestyle bangalore in
T00697,2024-11-30,Rapido INTL,rapido intl,Travel,0-200,SG,rapido intl
T00615,2024-11-17,Flipkart - UPI,flipkart upi,Shopping,2000-5000,US,flipkart - upi
T00863,2024-09-01,Walmart NEW DELHI,walmart new delhi,Groceries,0-200,SG,walmart new delhi
T00335,2024-03-06,Nature's Basket BANGALORE IN,nature's basket bangalore in,Groceries,5000+,IN,nature's basket bangalore in
T00682,2024-02-29,Annual Fee - UPI,annual fee upi,Others,500-2000,SG,annual fee - upi
T00210,2024-12-30,Lifestyle - UPI,lifestyle upi,Shopping,0-200,SG,lifestyle - upi
T00181,2024-05-20,More Supermarket - POS TXN,more supermarket pos txn,Groceries,0-200,SG,more supermarket - pos txn
T00430,2024-04-01,Airtel Postpaid - UPI,airtel postpaid upi,Bills,500-2000,IN,airtel postpaid - upi
T00077,2024-04-08,Croma MUMBAI IN,croma mumbai in,Shopping,500-2000,US,croma mumbai in
T00555,2024-03-02,Prime Video BLR IN,prime video blr in,Entertainment,500-2000,SG,prime video blr in
T00716,2024-12-11,Cafe Coffee Day NEW DELHI,cafe coffee day new delhi,Dining,2000-5000,SG,cafe coffee day new delhi
T00492,2024-03-25,Nayara Energy BANGALORE IN,nayara energy bangalore in,Fuel,500-2000,SG,nayara energy bangalore in
T00665,2024-09-07,Parking - UPI,parking upi,Others,200-500,EU,parking - upi
T00395,2024-10-22,SonyLiv - ONLINE,sonyliv online,Entertainment,5000+,EU,sonyliv - online
T00780,2024-11-27,Rapido - ONLINE,rapido online,Travel,5000+,US,rapido - online
T00647,2024-09-16,Nayara Energy NEW DELHI,nayara energy new delhi,Fuel,2000-5000,EU,nayara energy new delhi
T00027,2024-06-06,Parking,parking,Others,0-200,EU,parking
T00469,2024-06-24,Big Bazaar /NETBANKING,big bazaar netbanking,Groceries,0-200,IN,big bazaar /netbanking
T00882,2024-10-26,Croma,croma,Shopping,200-500,EU,croma
T00383,2024-07-21,Gas Company BLR IN,gas company blr in,Bills,500-2000,IN,gas company blr in
T00970,2024-01-13,Apple Music MUMBAI IN,apple music mumbai in,Entertainment,500-2000,SG,apple music mumbai in
T00229,2024-07-31,RedBus BLR IN,redbus blr in,Travel,5000+,SG,redbus blr in
T00567,2024-05-20,Lifestyle *REF 6799,lifestyle ref 6799,Shopping,200-500,US,lifestyle *ref 6799
T00713,2024-12-30,Nature's Basket /NETBANKING,nature's basket netbanking,Groceries,5000+,EU,nature's basket /netbanking
T00397,2024-11-16,Reliance Fresh,reliance fresh,Groceries,5000+,US,reliance fresh
T00696,2024-02-15,Shell Petrol BLR IN,shell petrol blr in,Fuel,2000-5000,SG,shell petrol blr in
T00270,2024-08-18,IndiGo Airlines MUMBAI IN,indigo airlines mumbai in,Travel,0-200,US,indigo airlines mumbai in
T00758,2024-12-21,Parking BLR IN,parking blr in,Others,500-2000,EU,parking blr in
T00698,2024-10-12,Airtel Postpaid MUMBAI IN,airtel postpaid mumbai in,Bills,2000-5000,IN,airtel postpaid mumbai in
T00602,2024-03-19,Water Utility BANGALORE IN,water utility bangalore in,Bills,5000+,SG,water utility bangalore in
T00401,2024-01-30,Nature's Basket /NETBANKING,nature's basket netbanking,Groceries,200-500,SG,nature's basket /netbanking
T00186,2024-04-12,Subway INTL,subway intl,Dining,2000-5000,US,subway intl
T00895,2024-10-09,Burger King - ONLINE,burger king online,Dining,5000+,SG,burger king - online
T00084,2024-12-22,Pizza Hut MUMBAI IN,pizza hut mumbai in,Dining,5000+,US,pizza hut mumbai in
T00599,2024-03-21,Uber MUMBAI IN,uber mumbai in,Travel,200-500,SG,uber mumbai in
T00597,2024-07-11,Big Bazaar #0421,big bazaar 0421,Groceries,500-2000,US,big bazaar #0421
T00987,2024-07-07,Service Charge #0421,service charge 0421,Others,500-2000,EU,service charge #0421
T00158,2024-07-31,Prime Video /NETBANKING,prime video netbanking,Entertainment,500-2000,EU,prime video /netbanking
T00439,2024-12-30,McDonald's - POS TXN,mcdonald's pos txn,Dining,200-500,SG,mcdonald's - pos txn
T00851,2024-12-04,BookMyShow,bookmyshow,Entertainment,200-500,US,bookmyshow
T00593,2024-07-16,Nature's Basket #0421,nature's basket 0421,Groceries,0-200,IN,nature's basket #0421
T00867,2024-05-25,Big Bazaar MUMBAI IN,big bazaar mumbai in,Groceries,200-500,EU,big bazaar mumbai in
T00756,2024-07-01,Nayara Energy BANGALORE IN,nayara energy bangalore in,Fuel,2000-5000,EU,nayara energy bangalore in
T00889,2024-10-04,Big Bazaar BLR IN,big bazaar blr in,Groceries,2000-5000,EU,big bazaar blr in
T00154,2024-10-08,Rapido,rapido,Travel,200-500,EU,rapido
T00257,2024-03-07,Domino's Pizza INTL,domino's pizza intl,Dining,500-2000,SG,domino's pizza intl
T00980,2024-08-20,MakeMyTrip - ONLINE,makemytrip online,Travel,5000+,SG,makemytrip - online
T00199,2024-10-05,MakeMyTrip INTL,makemytrip intl,Travel,0-200,EU,makemytrip intl
T00646,2024-06-24,Gas Company /NETBANKING,gas company netbanking,Bills,5000+,US,gas company /netbanking
T00637,2024-04-24,Water Utility *REF 3837,water utility ref 3837,Bills,5000+,IN,water utility *ref 3837
T00678,2024-10-20,Shell Petrol,shell petrol,Fuel,0-200,IN,shell petrol
T00574,2024-09-28,Shell Petrol - POS TXN,shell petrol pos txn,Fuel,0-200,SG,shell petrol - pos txn
T00979,2024-11-07,Rapido BLR IN,rapido blr in,Travel,5000+,IN,rapido blr in
T00708,2024-10-10,IndiGo Airlines BLR IN,indigo airlines blr in,Travel,0-200,IN,indigo airlines blr in
T00305,2024-12-07,Pizza Hut *REF 8292,pizza hut ref 8292,Dining,0-200,EU,pizza hut *ref 8292
T00053,2024-02-05,Essar Fuel - POS TXN,essar fuel pos txn,Fuel,200-500,EU,essar fuel - pos txn
T00283,2024-12-02,Electricity Board #0421,electricity board 0421,Bills,500-2000,US,electricity board #0421
T00419,2024-12-03,Vistara,vistara,Travel,5000+,SG,vistara
T00692,2024-10-12,BP Fuel Station INTL,bp fuel station intl,Fuel,2000-5000,US,bp fuel station intl
T00339,2024-06-16,IndiGo Airlines BANGALORE IN,indigo airlines bangalore in,Travel,5000+,US,indigo airlines bangalore in
T00030,2024-04-18,IndiGo Airlines - POS TXN,indigo airlines pos txn,Travel,5000+,SG,indigo airlines - pos txn
T00187,2024-03-25,Hotstar NEW DELHI,hotstar new delhi,Entertainment,5000+,EU,hotstar new delhi
T00166,2024-02-21,Prime Video,prime video,Entertainment,200-500,EU,prime video
T00509,2024-02-09,McDonald's,mcdonald's,Dining,200-500,SG,mcdonald's
T00883,2024-10-24,Burger King - ONLINE,burger king online,Dining,0-200,IN,burger king - online
T00200,2024-03-03,Service Charge MUMBAI IN,service charge mumbai in,Others,500-2000,US,service charge mumbai in
T00765,2024-10-05,Ajio,ajio,Shopping,5000+,EU,ajio
T00299,2024-07-08,Amazon BANGALORE IN,amazon bangalore in,Shopping,200-500,SG,amazon bangalore in
T00413,2024-10-18,PVR Cinemas INTL,pvr cinemas intl,Entertainment,200-500,SG,pvr cinemas intl
T00330,2024-05-24,Essar Fuel INTL,essar fuel intl,Fuel,0-200,IN,essar fuel intl
T00485,2024-03-26,RedBus /NETBANKING,redbus netbanking,Travel,2000-5000,SG,redbus /netbanking
T00722,2024-07-17,More Supermarket - UPI,more supermarket upi,Groceries,0-200,SG,more supermarket - upi
T00410,2024-06-09,Pizza Hut INTL,pizza hut intl,Dining,200-500,EU,pizza hut intl
T00589,2024-09-11,Annual Fee BANGALORE IN,annual fee bangalore in,Others,200-500,IN,annual fee bangalore in
T00468,2024-02-04,Ola Cabs BLR IN,ola cabs blr in,Travel,2000-5000,EU,ola cabs blr in
T00025,2024-03-19,Subway - UPI,subway upi,Dining,5000+,US,subway - upi
T00115,2024-08-18,Reliance Fresh - ONLINE,reliance fresh online,Groceries,0-200,EU,reliance fresh - online
T00923,2024-01-26,Hotstar NEW DELHI,hotstar new delhi,Entertainment,200-500,US,hotstar new delhi
T00215,2024-02-18,Annual Fee BLR IN,annual fee blr in,Others,2000-5000,SG,annual fee blr in
T00325,2024-05-06,BP Fuel Station #0421,bp fuel station 0421,Fuel,500-2000,SG,bp fuel station #0421
T00679,2024-02-21,IndiGo Airlines #0421,indigo airlines 0421,Travel,5000+,IN,indigo airlines #0421
T00004,2024-04-22,Gas Company - ONLINE,gas company online,Bills,5000+,SG,gas company - online
T00455,2024-12-15,Service Charge BANGALORE IN,service charge bangalore in,Others,200-500,US,service charge bangalore in
T00271,2024-09-14,Service Charge MUMBAI IN,service charge mumbai in,Others,0-200,SG,service charge mumbai in
T00169,2024-06-11,Flipkart INTL,flipkart intl,Shopping,5000+,SG,flipkart intl
T00228,2024-05-19,BookMyShow BANGALORE IN,bookmyshow bangalore in,Entertainment,0-200,IN,bookmyshow bangalore in
T00686,2024-11-28,Nature's Basket MUMBAI IN,nature's basket mumbai in,Groceries,2000-5000,SG,nature's basket mumbai in
T00134,2024-08-14,Ajio NEW DELHI,ajio new delhi,Shopping,2000-5000,SG,ajio new delhi
T00307,2024-03-03,BookMyShow INTL,bookmyshow intl,Entertainment,5000+,US,bookmyshow intl
T00690,2024-12-26,Airtel Postpaid - POS TXN,airtel postpaid pos txn,Bills,500-2000,IN,airtel postpaid - pos txn
T00450,2024-06-19,Domino's Pizza - POS TXN,domino's pizza pos txn,Dining,0-200,SG,domino's pizza - pos txn
T00488,2024-10-05,Ola Cabs BANGALORE IN,ola cabs bangalore in,Travel,0-200,EU,ola cabs bangalore in
T00836,2024-04-02,Maintenance Charge MUMBAI IN,maintenance charge mumbai in,Others,500-2000,SG,maintenance charge mumbai in
T00314,2024-09-22,BookMyShow INTL,bookmyshow intl,Entertainment,200-500,EU,bookmyshow intl
T00726,2024-01-21,Domino's Pizza *REF 9418,domino's pizza ref 9418,Dining,0-200,SG,domino's pizza *ref 9418
T00973,2024-09-25,Pizza Hut - UPI,pizza hut upi,Dining,500-2000,IN,pizza hut - upi
T00061,2024-12-19,Zara,zara,Shopping,0-200,IN,zara
T00274,2024-08-17,Electricity Board BLR IN,electricity board blr in,Bills,200-500,SG,electricity board blr in
T00320,2024-12-16,More Supermarket - POS TXN,more supermarket pos txn,Groceries,2000-5000,US,more supermarket - pos txn
T00562,2024-04-23,Ola Cabs *REF 2989,ola cabs ref 2989,Travel,0-200,IN,ola cabs *ref 2989
T00433,2024-12-18,Zara INTL,zara intl,Shopping,2000-5000,US,zara intl
T00381,2024-02-16,Ola Cabs - UPI,ola cabs upi,Travel,200-500,SG,ola cabs - upi
T00740,2024-10-02,Nayara Energy MUMBAI IN,nayara energy mumbai in,Fuel,0-200,US,nayara energy mumbai in
T00246,2024-08-13,Vistara - UPI,vistara upi,Travel,500-2000,US,vistara - upi
T00601,2024-02-19,More Supermarket - POS TXN,more supermarket pos txn,Groceries,500-2000,US,more supermarket - pos txn
T00846,2024-11-19,Burger King BANGALORE IN,burger king bangalore in,Dining,500-2000,SG,burger king bangalore in
T00629,2024-05-07,Jio Fiber - ONLINE,jio fiber online,Bills,200-500,IN,jio fiber - online
T00472,2024-11-10,Myntra *REF 8080,myntra ref 8080,Shopping,2000-5000,IN,myntra *ref 8080
T00490,2024-05-14,KFC - POS TXN,kfc pos txn,Dining,0-200,SG,kfc - pos txn
T00922,2024-06-12,Amazon - POS TXN,amazon pos txn,Shopping,5000+,IN,amazon - pos txn
T00940,2024-07-17,Big Bazaar BLR IN,big bazaar blr in,Groceries,0-200,IN,big bazaar blr in
T00933,2024-03-20,DTH Recharge - ONLINE,dth recharge online,Bills,200-500,EU,dth recharge - online
T00353,2024-09-02,More Supermarket - ONLINE,more supermarket online,Groceries,2000-5000,EU,more supermarket - online
T00417,2024-11-18,DTH Recharge,dth recharge,Bills,2000-5000,US,dth recharge
T00769,2024-09-04,Prime Video *REF 3935,prime video ref 3935,Entertainment,5000+,US,prime video *ref 3935
T00233,2024-05-28,IndianOil - ONLINE,indianoil online,Fuel,200-500,EU,indianoil - online
T00473,2024-01-03,BP Fuel Station BANGALORE IN,bp fuel station bangalore in,Fuel,2000-5000,SG,bp fuel station bangalore in
T00212,2024-07-14,SonyLiv BANGALORE IN,sonyliv bangalore in,Entertainment,5000+,EU,sonyliv bangalore in
T00821,2024-12-10,DMart - POS TXN,dmart pos txn,Groceries,0-200,SG,dmart - pos txn
T00094,2024-07-31,Lifestyle INTL,lifestyle intl,Shopping,5000+,SG,lifestyle intl
T00878,2024-08-30,BP Fuel Station /NETBANKING,bp fuel station netbanking,Fuel,0-200,US,bp fuel station /netbanking
T00031,2024-08-12,Nayara Energy - POS TXN,nayara energy pos txn,Fuel,2000-5000,EU,nayara energy - pos txn
T00026,2024-11-02,Annual Fee *REF 9837,annual fee ref 9837,Others,5000+,IN,annual fee *ref 9837
T00190,2024-08-20,Amazon - POS TXN,amazon pos txn,Shopping,5000+,IN,amazon - pos txn
T00853,2024-10-07,Flipkart #0421,flipkart 0421,Shopping,0-200,SG,flipkart #0421
T00880,2024-07-03,Subway BLR IN,subway blr in,Dining,500-2000,US,subway blr in
T00309,2024-02-03,Parking NEW DELHI,parking new delhi,Others,200-500,IN,parking new delhi
T00743,2024-05-12,Target Groceries #0421,target groceries 0421,Groceries,5000+,US,target groceries #0421
T00140,2024-05-15,More Supermarket BLR IN,more supermarket blr in,Groceries,0-200,US,more supermarket blr in
T00204,2024-02-26,BookMyShow NEW DELHI,bookmyshow new delhi,Entertainment,500-2000,US,bookmyshow new delhi
T00520,2024-05-02,Nayara Energy MUMBAI IN,nayara energy mumbai in,Fuel,500-2000,IN,nayara energy mumbai in
T00830,2024-07-20,H&M NEW DELHI,h&m new delhi,Shopping,0-200,EU,h&m new delhi
T00218,2024-12-09,Cafe Coffee Day *REF 1982,cafe coffee day ref 1982,Dining,5000+,EU,cafe coffee day *ref 1982
T00899,2024-01-26,H&M NEW DELHI,h&m new delhi,Shopping,5000+,EU,h&m new delhi
T00762,2024-11-26,Walmart NEW DELHI,walmart new delhi,Groceries,0-200,US,walmart new delhi
T00238,2024-06-15,Best Buy #0421,best buy 0421,Shopping,2000-5000,IN,best buy #0421
T00834,2024-07-06,DMart - POS TXN,dmart pos txn,Groceries,2000-5000,EU,dmart - pos txn
T00132,2024-02-07,Ola Cabs #0421,ola cabs 0421,Travel,2000-5000,SG,ola cabs #0421
T00929,2024-06-14,HP Petrol Pump #0421,hp petrol pump 0421,Fuel,500-2000,SG,hp petrol pump #0421
T00074,2024-09-23,IndianOil,indianoil,Fuel,2000-5000,IN,indianoil
T00879,2024-10-08,Best Buy INTL,best buy intl,Shopping,200-500,IN,best buy intl
T00748,2024-03-21,RedBus MUMBAI IN,redbus mumbai in,Travel,0-200,SG,redbus mumbai in
T00527,2024-09-18,SonyLiv #0421,sonyliv 0421,Entertainment,500-2000,IN,sonyliv #0421
T00603,2024-05-30,Electricity Board,electricity board,Bills,2000-5000,IN,electricity board
